Quantity,LiteLLM center,Native center,Center change,LiteLLM 90% width,Native 90% width
Armington elasticity,1.533,1.533,0.0,3.895,4.057
Capital gains realizations elasticity,-0.7,-0.7,0.0,1.527,1.63
Elasticity of substitution between capital and labor,0.6,0.6,0.0,0.903,0.885
Elasticity of taxable income,0.4,0.4,0.0,0.873,0.892
Employment participation elasticity of single mothers,0.7,0.71,0.01,1.196,1.198
Frisch elasticity of labor supply,0.417,0.387,-0.03,1.318,1.119
Income elasticity of labor supply,-0.05,-0.05,0.0,0.22,0.22
Intertemporal elasticity of substitution,0.5,0.5,0.0,1.873,1.698
Uncompensated wage elasticity of labor supply,0.1,0.1,0.0,0.449,0.4
